{"cameraMode":{"drawMode":0,"name":"Shaded","section":"Shading Mode"},"sceneLighting":false,"audioPlay":false,"sceneViewState":{"m_AlwaysRefresh":false,"showFog":true,"showSkybox":false,"showFlares":true,"showImageEffects":true,"showParticleSystems":true,"showVisualEffectGraphs":true,"m_FxEnabled":true},"in2DMode":false,"pivot":{"x":-1.5771018266677857,"y":-0.546312153339386,"z":-0.0019147052662447095},"rotation":{"x":-0.02281881682574749,"y":0.9562044143676758,"z":-0.0776393860578537,"w":-0.2813922166824341},"size":2.5159261226654054,"orthographic":false}