{"cameraMode":{"drawMode":0,"name":"Shaded","section":"Shading Mode"},"sceneLighting":true,"audioPlay":false,"sceneViewState":{"m_AlwaysRefresh":false,"showFog":true,"showSkybox":true,"showFlares":true,"showImageEffects":true,"showParticleSystems":true,"showVisualEffectGraphs":true,"m_FxEnabled":true},"in2DMode":false,"pivot":{"x":-4.302584171295166,"y":1.9000000953674317,"z":-5.918861389160156},"rotation":{"x":-0.23137222230434419,"y":-0.40567803382873537,"z":0.10691316425800324,"w":-0.8778216242790222},"size":2.2483327388763429,"orthographic":false}