{"cameraMode":{"drawMode":0,"name":"Shaded","section":"Shading Mode"},"sceneLighting":true,"audioPlay":false,"sceneViewState":{"m_AlwaysRefresh":false,"showFog":true,"showSkybox":true,"showFlares":true,"showImageEffects":true,"showParticleSystems":true,"showVisualEffectGraphs":true,"m_FxEnabled":true},"in2DMode":false,"pivot":{"x":-0.37298184633255007,"y":0.32018089294433596,"z":1.9134902954101563},"rotation":{"x":-0.24527885019779206,"y":0.004939868114888668,"z":-0.001250155153684318,"w":-0.9694389700889587},"size":19.726295471191408,"orthographic":false}