{"cameraMode":{"drawMode":0,"name":"Shaded","section":"Shading Mode"},"sceneLighting":true,"audioPlay":false,"sceneViewState":{"m_AlwaysRefresh":false,"showFog":true,"showSkybox":true,"showFlares":true,"showImageEffects":true,"showParticleSystems":true,"showVisualEffectGraphs":true,"m_FxEnabled":true},"in2DMode":false,"pivot":{"x":-9.414627075195313,"y":0.6805557012557983,"z":-11.853364944458008},"rotation":{"x":-0.014595597982406617,"y":-0.23418867588043214,"z":0.003500208491459489,"w":-0.9721034169197083},"size":1.6157357692718506,"orthographic":false}