{"cameraMode":{"drawMode":0,"name":"Shaded","section":"Shading Mode"},"sceneLighting":true,"audioPlay":false,"sceneViewState":{"m_AlwaysRefresh":false,"showFog":true,"showSkybox":true,"showFlares":true,"showImageEffects":true,"showParticleSystems":true,"showVisualEffectGraphs":true,"m_FxEnabled":true},"in2DMode":false,"pivot":{"x":21.169301986694337,"y":41.216758728027347,"z":-32.009029388427737},"rotation":{"x":-0.6449256539344788,"y":-0.0167270228266716,"z":0.014140942133963108,"w":-0.7639611959457398},"size":0.8660252690315247,"orthographic":false}