{"cameraMode":{"drawMode":0,"name":"Shaded","section":"Shading Mode"},"sceneLighting":false,"audioPlay":false,"sceneViewState":{"m_AlwaysRefresh":false,"showFog":true,"showSkybox":false,"showFlares":true,"showImageEffects":true,"showParticleSystems":true,"showVisualEffectGraphs":true,"m_FxEnabled":true},"in2DMode":false,"pivot":{"x":2.018568754196167,"y":-0.7388330101966858,"z":-0.8249499201774597},"rotation":{"x":0.005411878228187561,"y":-0.8468531966209412,"z":0.008657023310661316,"w":0.5317584276199341},"size":2.306980609893799,"orthographic":false}