{"cameraMode":{"drawMode":0,"name":"Shaded","section":"Shading Mode"},"sceneLighting":false,"audioPlay":false,"sceneViewState":{"m_AlwaysRefresh":false,"showFog":true,"showSkybox":false,"showFlares":true,"showImageEffects":true,"showParticleSystems":true,"showVisualEffectGraphs":true,"m_FxEnabled":true},"in2DMode":false,"pivot":{"x":-16.804405212402345,"y":-10.221460342407227,"z":9.198356628417969},"rotation":{"x":0.20999844372272492,"y":-0.49339261651039126,"z":0.1243300810456276,"w":0.8348764181137085},"size":11.521626472473145,"orthographic":false}